Total Return,Win Rate,Max Drawdown
0.010425399707411742,0.5026555386949925,0.02537482554009718
